{
    "model_type": "GaussHyperNet",
    "desc": "sine (amp=0.88, freq=1.44)",
    "seed": 6138,
    "epochs": 10,
    "model_epoch": 3,
    "training_time": 1.6515920162200928,
    "num_train": 8,
    "num_val": 12,
    "num_test": 48,
    "MC_train": 1,
    "MC_val": 100,
    "MC_test": 50,
    "hidden_dim": 32,
    "num_params": 7126,
    "num_updates": 10,
    "num_param_updates": 71260,
    "num_forward_passes": 10,
    "beta_scheduler": "linear",
    "beta_max": 1.0,
    "warmup_epochs": 5,
    "hyper_hidden_dim": 32,
    "latent_dim": 10,
    "final_loss": 20.599164643028836,
    "final_mse": 19.916531276895206,
    "final_kl_div": 0.6826333661336305,
    "mse_val": 118.95091458670079,
    "kl_val": 0.6744012321484153,
    "bias_sq_val": 4.919162437187538,
    "var_val": 114.03175214951328,
    "crps_val": 2.27359410874017,
    "nlpd_val": 7.758279020024164,
    "mse_test": 163.8942806664754,
    "bias_sq_test": 22.956830530350175,
    "crps_test": 3.28971694639757,
    "nlpd_test": 7.32523847725793
}