{
    "model_type": "BayesNet",
    "desc": "quad (a=0.16, b=-0.62)",
    "seed": 4376,
    "epochs": 3,
    "model_epoch": 2,
    "training_time": 0.816737174987793,
    "num_train": 8,
    "num_val": 12,
    "num_test": 48,
    "MC_train": 1,
    "MC_val": 100,
    "MC_test": 50,
    "hidden_dim": 32,
    "num_params": 194,
    "num_updates": 3,
    "num_param_updates": 582,
    "num_forward_passes": 3,
    "beta_scheduler": "linear",
    "beta_max": 1.0,
    "warmup_epochs": 2,
    "final_loss": 243.01660379400406,
    "final_mse": 0.22291420235107262,
    "final_kl_div": 242.793689591653,
    "mse_val": 0.25229926445708356,
    "kl_val": 242.69153863364048,
    "bias_sq_val": 0.24834306942815568,
    "var_val": 0.003956195028927793,
    "crps_val": 0.4113089061256392,
    "nlpd_val": 128.05698452959646,
    "mse_test": 0.23219634951693316,
    "bias_sq_test": 0.227561512126208,
    "crps_test": 0.3912337611786709,
    "nlpd_test": 74.15973696531935
}