{
    "model_type": "DeepEnsembleNet",
    "desc": "sine (amp=1.60, freq=1.34)",
    "seed": 9551,
    "epochs": 2,
    "model_epoch": 1,
    "training_time": 0.025513410568237305,
    "num_train": 8,
    "num_val": 12,
    "num_test": 48,
    "MC_train": 1,
    "MC_val": 100,
    "MC_test": 50,
    "hidden_dim": 32,
    "num_params": 485,
    "num_updates": 10,
    "num_param_updates": 4850,
    "num_forward_passes": 10,
    "beta_scheduler": "linear",
    "beta_max": 1.0,
    "warmup_epochs": 5,
    "num_models": 5,
    "ensemble_seed_list": [
        0,
        1,
        2,
        3,
        4
    ],
    "dropout_rate": 0.1,
    "final_loss": 1.6332912053298856,
    "final_mse": 1.6332912053298856,
    "final_kl_div": 0.0,
    "mse_val": 1.1740037308528815,
    "bias_sq_val": 1.048073661681029,
    "var_val": 0.12593006917185262,
    "crps_val": 0.7600328597218354,
    "nlpd_val": 12.44455659274007,
    "mse_test": 1.5397511471499203,
    "bias_sq_test": 1.3741819458639366,
    "crps_test": 0.888111400352343,
    "nlpd_test": 11.140691778827403
}