{
    "model_type": "DeepEnsembleNet",
    "desc": "sine (amp=1.62, freq=1.63)",
    "seed": 2589,
    "epochs": 2,
    "model_epoch": 1,
    "training_time": 0.02824115753173828,
    "num_train": 8,
    "num_val": 12,
    "num_test": 48,
    "MC_train": 1,
    "MC_val": 100,
    "MC_test": 50,
    "hidden_dim": 32,
    "num_params": 485,
    "num_updates": 10,
    "num_param_updates": 4850,
    "num_forward_passes": 10,
    "beta_scheduler": "linear",
    "beta_max": 1.0,
    "warmup_epochs": 5,
    "num_models": 5,
    "ensemble_seed_list": [
        0,
        1,
        2,
        3,
        4
    ],
    "dropout_rate": 0.1,
    "final_loss": 1.549863876242601,
    "final_mse": 1.549863876242601,
    "final_kl_div": 0.0,
    "mse_val": 1.6261439586225748,
    "bias_sq_val": 1.5174642727735943,
    "var_val": 0.10867968584898025,
    "crps_val": 0.9752327971761963,
    "nlpd_val": 7.808908860269273,
    "mse_test": 1.4579088787145646,
    "bias_sq_test": 1.3090669705360385,
    "crps_test": 0.8375028296159632,
    "nlpd_test": 5.84352679675922
}