{
    "model_type": "DeepEnsembleNet",
    "desc": "quad (a=0.13, b=0.96)",
    "seed": 6076,
    "epochs": 3,
    "training_time": 123.9942479133606,
    "num_train": 10,
    "num_val": 5,
    "num_test": 10,
    "MC_train": 1,
    "MC_val": 100,
    "MC_test": 51,
    "hidden_dim": 32,
    "num_params": 970,
    "num_updates": 30,
    "num_param_updates": 29100,
    "num_forward_passes": 30,
    "beta_scheduler": "linear",
    "beta_max": 1.0,
    "warmup_epochs": 2,
    "num_models": 10,
    "ensemble_seed_list": [
        2322,
        6304,
        6644,
        2528,
        7392,
        9065,
        1760,
        7907,
        2545,
        9181
    ],
    "dropout_rate": 0.1,
    "final_loss": 3.3984911538152422,
    "final_mse": 3.3984911538152422,
    "final_kl_div": 0.0,
    "mse_val": 2.630911245935859,
    "bias_sq_val": 2.416539229633905,
    "var_val": 0.214372016301955,
    "crps_val": 1.2886465791859785,
    "nlpd_val": 6.592970798421452,
    "mse_test": 2.8663128171356695,
    "bias_sq_test": 2.749366320660599,
    "crps_test": 1.4579489097788172,
    "nlpd_test": 12.632725141676088
}