{
    "desc": "quad (a=-0.20, b=0.66)",
    "model": "IC_FDNetwork",
    "seed": 4045,
    "rmse": 97886.94226748549,
    "mean_nll": 10.082595386437868,
    "training_time": 0.028495311737060547,
    "timestamp": "2025-07-31T05:06:57.815473",
    "epochs": 2,
    "beta_param_dict": {
        "beta_scheduler": "linear",
        "warmup_epochs": 1,
        "beta_max": 1.0
    },
    "x_min": -98.98791282075264,
    "x_max": 99.29085214403138,
    "region_interp": [
        -1,
        1
    ],
    "frac_train": 0.5
}