{
    "model_type": "LP_FDNet",
    "desc": "quad (a=-0.42, b=-0.92)",
    "seed": 6555,
    "epochs": 5,
    "model_epoch": 1,
    "training_time": 0.5281071662902832,
    "num_train": 10,
    "num_val": 5,
    "num_test": 10,
    "MC_train": 1,
    "MC_val": 100,
    "MC_test": 51,
    "hidden_dim": 32,
    "num_params": 2713,
    "num_updates": 5,
    "num_param_updates": 13565,
    "num_forward_passes": 5,
    "beta_scheduler": "linear",
    "beta_max": 1.0,
    "warmup_epochs": 2,
    "hyper_hidden_dim": 11,
    "final_loss": 67.48811097922867,
    "final_mse": 40.41960686097913,
    "final_kl_div": 27.068504118249535,
    "mse_val": 18.926727934371556,
    "kl_val": 20.379595152507232,
    "bias_sq_val": 0.2875140927740074,
    "var_val": 18.639213841597552,
    "crps_val": 0.9817445752276537,
    "nlpd_val": 7.004988409395725,
    "mse_test": 22.697886847444895,
    "bias_sq_test": 0.8325258104592809,
    "crps_test": 1.1588431660475558,
    "nlpd_test": 6.438526644540739
}