{
    "model_type": "LP_FDNet",
    "desc": "step",
    "seed": 5840,
    "epochs": 6,
    "model_epoch": 5,
    "training_time": 0.7327783107757568,
    "num_train": 10,
    "num_val": 5,
    "num_test": 10,
    "MC_train": 1,
    "MC_val": 100,
    "MC_test": 51,
    "hidden_dim": 32,
    "num_params": 2713,
    "num_updates": 6,
    "num_param_updates": 16278,
    "num_forward_passes": 6,
    "beta_scheduler": "linear",
    "beta_max": 1.0,
    "warmup_epochs": 3,
    "hyper_hidden_dim": 11,
    "final_loss": 47.070400033959885,
    "final_mse": 17.164868871149235,
    "final_kl_div": 29.905531162810654,
    "mse_val": 32.971701207683694,
    "kl_val": 21.945449296703405,
    "bias_sq_val": 2.783652132931792,
    "var_val": 30.188049074751913,
    "crps_val": 1.462321320705672,
    "nlpd_val": 7.293961531414368,
    "mse_test": 147.340207525498,
    "bias_sq_test": 30.42204520474894,
    "crps_test": 3.060198842493167,
    "nlpd_test": 7.2041300524488445
}