{
    "model_type": "LP_FDNet",
    "desc": "step",
    "seed": 1248,
    "epochs": 6,
    "model_epoch": 2,
    "training_time": 0.5645961761474609,
    "num_train": 10,
    "num_val": 5,
    "num_test": 10,
    "MC_train": 1,
    "MC_val": 100,
    "MC_test": 51,
    "hidden_dim": 32,
    "num_params": 2713,
    "num_updates": 6,
    "num_param_updates": 16278,
    "num_forward_passes": 6,
    "beta_scheduler": "linear",
    "beta_max": 1.0,
    "warmup_epochs": 3,
    "hyper_hidden_dim": 11,
    "final_loss": 43.01625930669703,
    "final_mse": 23.16588424760036,
    "final_kl_div": 19.85037505909667,
    "mse_val": 15.23368205327886,
    "kl_val": 16.148667993215437,
    "bias_sq_val": 1.238170507856829,
    "var_val": 13.995511545422028,
    "crps_val": 0.9732802509505625,
    "nlpd_val": 6.909902133921965,
    "mse_test": 243.56279510111864,
    "bias_sq_test": 128.68343616665322,
    "crps_test": 5.81099476773335,
    "nlpd_test": 7.4439652312007585
}