{
    "desc": "quad (a=0.62, b=-0.98)",
    "model": "IC_FDNetwork",
    "seed": 487,
    "rmse": 63501.73702240191,
    "mean_nll": 9.971718287167763,
    "training_time": 0.017281293869018555,
    "timestamp": "2025-08-04T00:24:58.735859",
    "epochs": 2,
    "beta_param_dict": {
        "beta_scheduler": "linear",
        "warmup_epochs": 1,
        "beta_max": 1.0
    },
    "x_min": -99.21546661931522,
    "x_max": 98.45636161510767,
    "region_interp": [
        -1,
        1
    ],
    "frac_train": 0.5
}