{
    "model_type": "GaussHyperNet",
    "desc": "sine (amp=1.60, freq=1.34)",
    "seed": 9551,
    "epochs": 10,
    "model_epoch": 5,
    "training_time": 0.35086703300476074,
    "num_train": 8,
    "num_val": 12,
    "num_test": 48,
    "MC_train": 1,
    "MC_val": 100,
    "MC_test": 50,
    "hidden_dim": 32,
    "num_params": 7126,
    "num_updates": 10,
    "num_param_updates": 71260,
    "num_forward_passes": 10,
    "beta_scheduler": "linear",
    "beta_max": 1.0,
    "warmup_epochs": 5,
    "hyper_hidden_dim": 32,
    "latent_dim": 10,
    "final_loss": 3.770908982933091,
    "final_mse": 3.2638366386391846,
    "final_kl_div": 0.5070723442939061,
    "mse_val": 84.01277596705091,
    "kl_val": 0.5012119317258916,
    "bias_sq_val": 3.917138233752794,
    "var_val": 80.09563773329812,
    "crps_val": 2.0679208358762144,
    "nlpd_val": 7.659655774340308,
    "mse_test": 100.75775269159544,
    "bias_sq_test": 5.644793467536979,
    "crps_test": 2.475258265361193,
    "nlpd_test": 7.133833677324048
}