{
    "desc": "quad (a=0.54, b=0.26)",
    "model": "IC_FDNetwork",
    "seed": 326,
    "rmse": 80135.82884782019,
    "mean_nll": 9.85591686790394,
    "training_time": 0.025635719299316406,
    "timestamp": "2025-08-02T03:33:50.367292",
    "epochs": 2,
    "beta_param_dict": {
        "beta_scheduler": "linear",
        "warmup_epochs": 1,
        "beta_max": 1.0
    },
    "x_min": -96.68816088103824,
    "x_max": 92.39642779403468,
    "region_interp": [
        -1,
        1
    ],
    "frac_train": 0.5
}