{
    "model_type": "IC_FDNet",
    "desc": "quad (a=0.16, b=-0.62)",
    "seed": 4376,
    "epochs": 3,
    "model_epoch": 1,
    "training_time": 0.3368391990661621,
    "num_train": 8,
    "num_val": 12,
    "num_test": 48,
    "MC_train": 1,
    "MC_val": 100,
    "MC_test": 50,
    "hidden_dim": 32,
    "num_params": 6530,
    "num_updates": 3,
    "num_param_updates": 19590,
    "num_forward_passes": 3,
    "beta_scheduler": "linear",
    "beta_max": 1.0,
    "warmup_epochs": 2,
    "hyper_hidden_dim": 32,
    "final_loss": 21.94816447659218,
    "final_mse": 5.019316150981783,
    "final_kl_div": 16.928848325610396,
    "mse_val": 64.5069699840281,
    "kl_val": 28.101345938310264,
    "bias_sq_val": 3.0304423896203923,
    "var_val": 61.4765275944077,
    "crps_val": 1.4428206994880128,
    "nlpd_val": 7.0860385097119325,
    "mse_test": 71.732382630494,
    "bias_sq_test": 5.570484669412289,
    "crps_test": 1.7704111625163712,
    "nlpd_test": 6.623619198790877
}