{
    "desc": "quad (a=0.62, b=-0.98)",
    "model": "DeepEnsembleNetwork",
    "seed": 487,
    "rmse": 2855.052370658302,
    "mean_nll": 33849.98543635136,
    "training_time": 0.016498327255249023,
    "timestamp": "2025-08-04T00:26:31.168574",
    "epochs": 2,
    "beta_param_dict": {
        "beta_scheduler": "linear",
        "warmup_epochs": 1,
        "beta_max": 1.0
    },
    "x_min": -99.21546661931522,
    "x_max": 98.45636161510767,
    "region_interp": [
        -1,
        1
    ],
    "frac_train": 0.5
}