{
    "desc": "step",
    "model": "DeepEnsembleNetwork",
    "seed": 6242,
    "rmse": 6.810830340593711,
    "mean_nll": 4.052151246912103,
    "training_time": 0.07226395606994629,
    "timestamp": "2025-08-04T00:52:32.032033",
    "epochs": 2,
    "beta_param_dict": {
        "beta_scheduler": "linear",
        "warmup_epochs": 1,
        "beta_max": 1.0
    },
    "x_min": -99.60736729775014,
    "x_max": 98.06636327586166,
    "region_interp": [
        -1,
        1
    ],
    "frac_train": 0.5
}