{
    "desc": "step",
    "model": "IC_FDNetwork",
    "seed": 8114,
    "rmse": 41050.63259452262,
    "mean_nll": 9.756331277211805,
    "training_time": 0.024966955184936523,
    "timestamp": "2025-07-31T05:34:23.502432",
    "epochs": 2,
    "beta_param_dict": {
        "beta_scheduler": "linear",
        "warmup_epochs": 1,
        "beta_max": 1.0
    },
    "x_min": -99.6663965417235,
    "x_max": 97.14361548280499,
    "region_interp": [
        -1,
        1
    ],
    "frac_train": 0.5
}