{
    "desc": "quad (a=0.62, b=-0.98)",
    "model": "HyperNetwork",
    "seed": 487,
    "rmse": 2247114.1452281503,
    "mean_nll": 2.524760990702237e+18,
    "training_time": 0.013762712478637695,
    "timestamp": "2025-08-04T00:25:36.722804",
    "epochs": 2,
    "beta_param_dict": {
        "beta_scheduler": "linear",
        "warmup_epochs": 1,
        "beta_max": 1.0
    },
    "x_min": -99.21546661931522,
    "x_max": 98.45636161510767,
    "region_interp": [
        -1,
        1
    ],
    "frac_train": 0.5
}