{
    "desc": "quad (a=0.62, b=-0.98)",
    "model": "LP_FDNetwork",
    "seed": 487,
    "rmse": 1556576.785503098,
    "mean_nll": 12.20471062643914,
    "training_time": 0.008877038955688477,
    "timestamp": "2025-08-04T00:25:16.658940",
    "epochs": 2,
    "beta_param_dict": {
        "beta_scheduler": "linear",
        "warmup_epochs": 1,
        "beta_max": 1.0
    },
    "x_min": -99.21546661931522,
    "x_max": 98.45636161510767,
    "region_interp": [
        -1,
        1
    ],
    "frac_train": 0.5
}