{
    "desc": "quad (a=0.38, b=0.20)",
    "model": "BayesNetwork",
    "seed": 8138,
    "rmse": 1632.5497369543377,
    "mean_nll": 389150.53130903275,
    "training_time": 0.008417129516601562,
    "timestamp": "2025-07-30T22:21:38.040053",
    "epochs": 2,
    "beta_param_dict": {
        "beta_scheduler": "linear",
        "warmup_epochs": 1,
        "beta_max": 1.0
    },
    "x_min": -97.47397849317733,
    "x_max": 99.97882282682924,
    "region_interp": [
        -1,
        1
    ],
    "frac_train": 0.5
}