{
    "desc": "quad (a=0.38, b=0.20)",
    "model": "LP_FDNetwork",
    "seed": 8138,
    "rmse": 673918.0066432945,
    "mean_nll": 11.487704103922612,
    "training_time": 0.012405872344970703,
    "timestamp": "2025-07-30T22:21:11.292213",
    "epochs": 2,
    "beta_param_dict": {
        "beta_scheduler": "linear",
        "warmup_epochs": 1,
        "beta_max": 1.0
    },
    "x_min": -97.47397849317733,
    "x_max": 99.97882282682924,
    "region_interp": [
        -1,
        1
    ],
    "frac_train": 0.5
}