{
    "desc": "step",
    "model": "DeterministicMLPNetwork",
    "seed": 6242,
    "rmse": 7.176283132686463,
    "mean_nll": 25749513.81142338,
    "training_time": 0.011518716812133789,
    "timestamp": "2025-08-04T00:52:19.496266",
    "epochs": 2,
    "beta_param_dict": {
        "beta_scheduler": "linear",
        "warmup_epochs": 1,
        "beta_max": 1.0
    },
    "x_min": -99.60736729775014,
    "x_max": 98.06636327586166,
    "region_interp": [
        -1,
        1
    ],
    "frac_train": 0.5
}