{
    "desc": "quad (a=0.38, b=0.20)",
    "model": "GaussianHyperNetwork",
    "seed": 8138,
    "rmse": 1587.6677020697866,
    "mean_nll": 17.36269445647458,
    "training_time": 0.0126800537109375,
    "timestamp": "2025-07-30T22:22:00.035284",
    "epochs": 2,
    "beta_param_dict": {
        "beta_scheduler": "linear",
        "warmup_epochs": 1,
        "beta_max": 1.0
    },
    "x_min": -97.47397849317733,
    "x_max": 99.97882282682924,
    "region_interp": [
        -1,
        1
    ],
    "frac_train": 0.5
}