{
    "desc": "step",
    "model": "IC_FDNetwork",
    "seed": 968,
    "rmse": 43652.74377005934,
    "mean_nll": 9.735969829936158,
    "training_time": 0.020191192626953125,
    "timestamp": "2025-07-31T05:26:11.089475",
    "epochs": 2,
    "beta_param_dict": {
        "beta_scheduler": "linear",
        "warmup_epochs": 1,
        "beta_max": 1.0
    },
    "x_min": -99.5030271222868,
    "x_max": 97.49894901257154,
    "region_interp": [
        -1,
        1
    ],
    "frac_train": 0.5
}