{
    "model_type": "LP_FDNet",
    "desc": "sine (amp=1.62, freq=1.63)",
    "seed": 2589,
    "epochs": 10,
    "model_epoch": 8,
    "training_time": 0.9976842403411865,
    "num_train": 8,
    "num_val": 12,
    "num_test": 48,
    "MC_train": 1,
    "MC_val": 100,
    "MC_test": 50,
    "hidden_dim": 32,
    "num_params": 7522,
    "num_updates": 10,
    "num_param_updates": 75220,
    "num_forward_passes": 10,
    "beta_scheduler": "linear",
    "beta_max": 1.0,
    "warmup_epochs": 5,
    "hyper_hidden_dim": 32,
    "final_loss": 21.024663218790423,
    "final_mse": 7.047378767232294,
    "final_kl_div": 13.977284451558129,
    "mse_val": 19.536840659240656,
    "kl_val": 16.633597745130015,
    "bias_sq_val": 1.9513407549567223,
    "var_val": 17.58549990428394,
    "crps_val": 1.076529084222577,
    "nlpd_val": 6.905457191223983,
    "mse_test": 46.59919472411647,
    "bias_sq_test": 2.5311587286319344,
    "crps_test": 1.440969493086819,
    "nlpd_test": 6.541615480571324
}