{
    "desc": "step",
    "model": "IC_FDNetwork",
    "seed": 6242,
    "rmse": 93278.76599697753,
    "mean_nll": 11.083985528902229,
    "training_time": 0.016956806182861328,
    "timestamp": "2025-08-04T00:46:29.211314",
    "epochs": 2,
    "beta_param_dict": {
        "beta_scheduler": "linear",
        "warmup_epochs": 1,
        "beta_max": 1.0
    },
    "x_min": -99.60736729775014,
    "x_max": 98.06636327586166,
    "region_interp": [
        -1,
        1
    ],
    "frac_train": 0.5
}