{
    "model_type": "DeepEnsembleNet",
    "desc": "sine (amp=0.88, freq=1.44)",
    "seed": 6138,
    "epochs": 2,
    "model_epoch": 1,
    "training_time": 0.03981351852416992,
    "num_train": 8,
    "num_val": 12,
    "num_test": 48,
    "MC_train": 1,
    "MC_val": 100,
    "MC_test": 50,
    "hidden_dim": 32,
    "num_params": 485,
    "num_updates": 10,
    "num_param_updates": 4850,
    "num_forward_passes": 10,
    "beta_scheduler": "linear",
    "beta_max": 1.0,
    "warmup_epochs": 5,
    "num_models": 5,
    "ensemble_seed_list": [
        0,
        1,
        2,
        3,
        4
    ],
    "dropout_rate": 0.1,
    "final_loss": 0.5609342397936209,
    "final_mse": 0.5609342397936209,
    "final_kl_div": 0.0,
    "mse_val": 0.42119337883942115,
    "bias_sq_val": 0.2958500333645324,
    "var_val": 0.12534334547488876,
    "crps_val": 0.3707683353586695,
    "nlpd_val": 3.059899079072917,
    "mse_test": 0.5585612894720587,
    "bias_sq_test": 0.43288025617980636,
    "crps_test": 0.4698221262613333,
    "nlpd_test": 3.366856168478519
}