{
    "model_type": "LP_FDNet",
    "desc": "sine (amp=0.88, freq=1.44)",
    "seed": 6138,
    "epochs": 10,
    "model_epoch": 3,
    "training_time": 0.9199333190917969,
    "num_train": 8,
    "num_val": 12,
    "num_test": 48,
    "MC_train": 1,
    "MC_val": 100,
    "MC_test": 50,
    "hidden_dim": 32,
    "num_params": 7522,
    "num_updates": 10,
    "num_param_updates": 75220,
    "num_forward_passes": 10,
    "beta_scheduler": "linear",
    "beta_max": 1.0,
    "warmup_epochs": 5,
    "hyper_hidden_dim": 32,
    "final_loss": 18.445309805032043,
    "final_mse": 3.333678941829272,
    "final_kl_div": 15.11163086320277,
    "mse_val": 31.924195777100884,
    "kl_val": 19.777105722373715,
    "bias_sq_val": 1.1569106274989909,
    "var_val": 30.767285149601893,
    "crps_val": 1.17874086833665,
    "nlpd_val": 7.036364140284075,
    "mse_test": 49.738068483668165,
    "bias_sq_test": 8.062339358343563,
    "crps_test": 1.5266966940389988,
    "nlpd_test": 6.5028152510320645
}