{
    "model_type": "MLPDropoutNet",
    "desc": "quad (a=0.16, b=-0.62)",
    "seed": 4376,
    "epochs": 3,
    "model_epoch": 1,
    "training_time": 0.1210942268371582,
    "num_train": 8,
    "num_val": 12,
    "num_test": 48,
    "MC_train": 1,
    "MC_val": 100,
    "MC_test": 50,
    "hidden_dim": 32,
    "num_params": 97,
    "num_updates": 3,
    "num_param_updates": 291,
    "num_forward_passes": 3,
    "beta_scheduler": "linear",
    "beta_max": 1.0,
    "warmup_epochs": 2,
    "dropout_rate": 0.1,
    "final_loss": 0.1303462614631507,
    "final_mse": 0.1303462614631507,
    "final_kl_div": 0.0,
    "mse_val": 0.13315573654391988,
    "bias_sq_val": 0.11592353337326583,
    "var_val": 0.017232203170654065,
    "crps_val": 0.26319847656174006,
    "nlpd_val": 12.548529643998988,
    "mse_test": 0.37858277379549105,
    "bias_sq_test": 0.35789236901699506,
    "crps_test": 0.4040762909163486,
    "nlpd_test": 19.06062991021388
}