{
    "desc": "quad (a=-0.20, b=0.66)",
    "model": "LP_FDNetwork",
    "seed": 4045,
    "rmse": 1960747.5250573212,
    "mean_nll": 12.162773166733283,
    "training_time": 0.012161731719970703,
    "timestamp": "2025-07-31T05:08:51.156706",
    "epochs": 2,
    "beta_param_dict": {
        "beta_scheduler": "linear",
        "warmup_epochs": 1,
        "beta_max": 1.0
    },
    "x_min": -98.98791282075264,
    "x_max": 99.29085214403138,
    "region_interp": [
        -1,
        1
    ],
    "frac_train": 0.5
}