{
    "model_type": "LP_FDNet",
    "desc": "step",
    "seed": 5327,
    "epochs": 10,
    "model_epoch": 2,
    "training_time": 0.8519527912139893,
    "num_train": 8,
    "num_val": 12,
    "num_test": 48,
    "MC_train": 1,
    "MC_val": 100,
    "MC_test": 50,
    "hidden_dim": 32,
    "num_params": 7522,
    "num_updates": 10,
    "num_param_updates": 75220,
    "num_forward_passes": 10,
    "beta_scheduler": "linear",
    "beta_max": 1.0,
    "warmup_epochs": 5,
    "hyper_hidden_dim": 32,
    "final_loss": 35.69651935931445,
    "final_mse": 19.069542716047,
    "final_kl_div": 16.626976643267447,
    "mse_val": 20.134553771854687,
    "kl_val": 25.92486633695606,
    "bias_sq_val": 1.7419454149043445,
    "var_val": 18.392608356950344,
    "crps_val": 1.0478747334458303,
    "nlpd_val": 6.882331897770994,
    "mse_test": 39.81143806895859,
    "bias_sq_test": 4.36663146020521,
    "crps_test": 1.348966697329408,
    "nlpd_test": 6.447295939121751
}