{
    "model_type": "DeepEnsembleNet",
    "desc": "step",
    "seed": 5327,
    "epochs": 2,
    "model_epoch": 1,
    "training_time": 0.022649526596069336,
    "num_train": 8,
    "num_val": 12,
    "num_test": 48,
    "MC_train": 1,
    "MC_val": 100,
    "MC_test": 50,
    "hidden_dim": 32,
    "num_params": 485,
    "num_updates": 10,
    "num_param_updates": 4850,
    "num_forward_passes": 10,
    "beta_scheduler": "linear",
    "beta_max": 1.0,
    "warmup_epochs": 5,
    "num_models": 5,
    "ensemble_seed_list": [
        0,
        1,
        2,
        3,
        4
    ],
    "dropout_rate": 0.1,
    "final_loss": 0.9823270956315898,
    "final_mse": 0.9823270956315898,
    "final_kl_div": 0.0,
    "mse_val": 0.782810131476051,
    "bias_sq_val": 0.673866892359087,
    "var_val": 0.10894323911696396,
    "crps_val": 0.6462819270578471,
    "nlpd_val": 8.558391730828443,
    "mse_test": 0.7879323934120794,
    "bias_sq_test": 0.6958791937899141,
    "crps_test": 0.6859872949814164,
    "nlpd_test": 9.472646810494192
}