{
    "desc": "quad (a=0.38, b=0.20)",
    "model": "DeepEnsembleNetwork",
    "seed": 8138,
    "rmse": 1629.7684172203608,
    "mean_nll": 8611.942543034898,
    "training_time": 0.02626824378967285,
    "timestamp": "2025-07-30T22:22:26.733660",
    "epochs": 2,
    "beta_param_dict": {
        "beta_scheduler": "linear",
        "warmup_epochs": 1,
        "beta_max": 1.0
    },
    "x_min": -97.47397849317733,
    "x_max": 99.97882282682924,
    "region_interp": [
        -1,
        1
    ],
    "frac_train": 0.5
}