{
    "model_type": "LP_FDNet",
    "desc": "sine (amp=1.60, freq=1.34)",
    "seed": 9551,
    "epochs": 10,
    "model_epoch": 1,
    "training_time": 0.8770458698272705,
    "num_train": 8,
    "num_val": 12,
    "num_test": 48,
    "MC_train": 1,
    "MC_val": 100,
    "MC_test": 50,
    "hidden_dim": 32,
    "num_params": 7522,
    "num_updates": 10,
    "num_param_updates": 75220,
    "num_forward_passes": 10,
    "beta_scheduler": "linear",
    "beta_max": 1.0,
    "warmup_epochs": 5,
    "hyper_hidden_dim": 32,
    "final_loss": 18.7713634650496,
    "final_mse": 5.906149044871265,
    "final_kl_div": 12.865214420178335,
    "mse_val": 25.420169640562747,
    "kl_val": 16.97637323805947,
    "bias_sq_val": 4.843882203645502,
    "var_val": 20.576287436917248,
    "crps_val": 1.2453166976086152,
    "nlpd_val": 6.962246967933397,
    "mse_test": 35.963566256992145,
    "bias_sq_test": 2.8721179659591862,
    "crps_test": 1.3654483906880397,
    "nlpd_test": 6.474849367104709
}