{
    "model_type": "GaussHyperNet",
    "desc": "step",
    "seed": 5327,
    "epochs": 10,
    "model_epoch": 5,
    "training_time": 0.36869335174560547,
    "num_train": 8,
    "num_val": 12,
    "num_test": 48,
    "MC_train": 1,
    "MC_val": 100,
    "MC_test": 50,
    "hidden_dim": 32,
    "num_params": 7126,
    "num_updates": 10,
    "num_param_updates": 71260,
    "num_forward_passes": 10,
    "beta_scheduler": "linear",
    "beta_max": 1.0,
    "warmup_epochs": 5,
    "hyper_hidden_dim": 32,
    "latent_dim": 10,
    "final_loss": 5.590888975180335,
    "final_mse": 5.476432252985737,
    "final_kl_div": 0.11445672219459813,
    "mse_val": 58.967933208046254,
    "kl_val": 0.11368583204288463,
    "bias_sq_val": 5.089862449239769,
    "var_val": 53.878070758806494,
    "crps_val": 1.705227939216478,
    "nlpd_val": 7.423868720175892,
    "mse_test": 100.60179282600973,
    "bias_sq_test": 4.28910133960538,
    "crps_test": 2.0713696203602256,
    "nlpd_test": 7.019980895754416
}