{
    "desc": "quad (a=0.38, b=0.20)",
    "model": "HyperNetwork",
    "seed": 8138,
    "rmse": 1052525.50918714,
    "mean_nll": 5.5390497373898106e+17,
    "training_time": 0.010872125625610352,
    "timestamp": "2025-07-30T22:21:31.780537",
    "epochs": 2,
    "beta_param_dict": {
        "beta_scheduler": "linear",
        "warmup_epochs": 1,
        "beta_max": 1.0
    },
    "x_min": -97.47397849317733,
    "x_max": 99.97882282682924,
    "region_interp": [
        -1,
        1
    ],
    "frac_train": 0.5
}