{
    "model_type": "GaussHyperNet",
    "desc": "sine (amp=1.62, freq=1.63)",
    "seed": 2589,
    "epochs": 10,
    "model_epoch": 2,
    "training_time": 0.35841894149780273,
    "num_train": 8,
    "num_val": 12,
    "num_test": 48,
    "MC_train": 1,
    "MC_val": 100,
    "MC_test": 50,
    "hidden_dim": 32,
    "num_params": 7126,
    "num_updates": 10,
    "num_param_updates": 71260,
    "num_forward_passes": 10,
    "beta_scheduler": "linear",
    "beta_max": 1.0,
    "warmup_epochs": 5,
    "hyper_hidden_dim": 32,
    "latent_dim": 10,
    "final_loss": 25.085754784528465,
    "final_mse": 24.939474934195506,
    "final_kl_div": 0.1462798503329608,
    "mse_val": 55.264945898821956,
    "kl_val": 0.1453672977806035,
    "bias_sq_val": 2.504573059253081,
    "var_val": 52.76037283956887,
    "crps_val": 1.703725628582579,
    "nlpd_val": 7.4894319855176095,
    "mse_test": 89.03828631727295,
    "bias_sq_test": 1.6351781856138852,
    "crps_test": 2.1146367175741863,
    "nlpd_test": 7.060199667789103
}