{
    "model_type": "MLPDropoutNet",
    "desc": "step",
    "seed": 8319,
    "epochs": 3,
    "training_time": 0.03615164756774902,
    "num_train": 10,
    "num_val": 5,
    "num_test": 10,
    "MC_train": 1,
    "MC_val": 100,
    "MC_test": 51,
    "hidden_dim": 32,
    "num_params": 97,
    "num_updates": 3,
    "num_param_updates": 291,
    "num_forward_passes": 3,
    "beta_scheduler": "linear",
    "beta_max": 1.0,
    "warmup_epochs": 2,
    "dropout_rate": 0.1,
    "final_loss": 0.21806873425963552,
    "final_mse": 0.21806873425963552,
    "final_kl_div": 0.0,
    "mse_val": 0.25579210255064744,
    "bias_sq_val": 0.24238931080253334,
    "var_val": 0.013402791748114005,
    "crps_val": 0.4184722891969001,
    "nlpd_val": 36.009661964352034,
    "mse_test": 0.6383812914376203,
    "bias_sq_test": 0.6291530081409864,
    "crps_test": 0.7420705458249051,
    "nlpd_test": 116.44445755398756
}